ad;soyad;ePosta;web;ulke
Orkun;Tez;et@dolor.ae;http://www.diam.vi;İsrail
Abdulkadir;Gökçen;iaculis@rutrum.mu;http://www.orci.ch;Myanmar
Sükeyne;Çınaroğlu;eu@porta.cy;http://www.blandit.vg;Çek Cumhuriyeti
Uralp;Özger;facilisis@justo.uz;http://www.porta.de;Irak
Hamaset;Dektaş;et@dolor.tr;http://www.eu.de;Niue
Kayra;Başyiğit;leo@Vivamus.ax;http://www.ipsum.nr;Katar
Edgüalp;Kıraç;vitae@sed.il;http://www.suscipit.dz;İtalya
Ula;Yasavur;nunc@metus.gb;http://www.elementum.cl;Belize
Ekiner;Durgun;dapibus@tincidunt.tj;http://www.tempor.ml;Özbekistan
Hüsnügül;Araz;molestie@luctus.re;http://www.odio.er;Tacikistan
Mevdut;Duman;Integer@lobortis.cm;http://www.odio.ps;Fas
Şahmelek;Erdoğanlı;tincidunt@lobortis.mn;http://www.eget.name;Svaziland
Rahşende;Kunduz;sodales@ipsum.me;http://www.Aliquam.travel;Pakistan
Vail;Toker;leo@a.ai;http://www.ipsum.ad;Zambiya
Ozanalp;Erdemli;dictum@viverra.kg;http://www.a.sm;Çin
Baydar;Özer değirmenci;odio@vel.nz;http://www.at.pm;Hindistan
Nesibe;Kandi;ante@est.so;http://www.et.aq;Suudi Arabistan
Burak;Altan;Phasellus@mollis.im;http://www.dolor.de;Trinidad ve Tobago
Birsu;Savaşır;mattis@ipsum.md;http://www.bibendum.qa;El Salvador
Semenbu;Taşar şahin;metus@eleifend.ad;http://www.Vivamus.nz;Brezilya
Şükran;Kıpık;vitae@eleifend.ph;http://www.mi.arpa;Türk ve Caicos Adaları
Benal;Ersoy;adipiscing@Proin.bz;http://www.nec.tp;Marshall Adaları
Keramet;Fidan;at@posuere.mz;http://www.a.bw;Çad
Metin;Akbaba;id@turpis.sr;http://www.Sed.gr;Cape Verde
Akel;Özturhan;elit@porttitor.travel;http://www.Donec.cl;Fiji
Canfeda;Biler;tincidunt@tempor.va;http://www.fringilla.to;Bhutan
Koca;Uğurlu çimen;mauris@Cras.ly;http://www.quis.sc;Polonya
Sezen;Erden;id@Etiam.name;http://www.semper.be;Bolivya
Selami;Tomatır ör;elit@Curabitur.ly;http://www.at.sj;Gabon
Nurçin;Dursun;aliquet@et.tk;http://www.sit.ms;Kongo Demokratik Cumhuriyeti
Zemin;İpek demirtaş;lacus@blandit.tel;http://www.arcu.bf;Ukrayna
Yalazabey;Çağrıtekin;sodales@lobortis.jp;http://www.eget.az;Vanuatu
Yekçeşme;Şimşek;porta@nisl.kr;http://www.dignissim.do;İsrail
Selay;Yeniçeri;vehicula@venenatis.vu;http://www.ante.co;Çad
Belkıs;Hakverdi;non@Morbi.af;http://www.id.ac;İsrail
Muhlis;Konak;pharetra@Phasellus.cg;http://www.placerat.bn;Myanmar
Alinda;Kestir;feugiat@nulla.kg;http://www.nisi.bt;Polonya
Çeliköz;Özgen;nec@in.kh;http://www.quam.aw;İsrail
Tafte;Kandemir;aliquet@sollicitudin.tt;http://www.velit.nf;Kanarya Adaları
Arzum;Kan;eget@eros.an;http://www.justo.li;Fildişi Kıyısı
Eranay;Güleşce;id@Sed.nr;http://www.vestibulum.lb;Avustralya
Aktolga;Şam;erat@Praesent.gm;http://www.at.ke;Hon Kong
Özilter;Sarıkaya;varius@nibh.sd;http://www.congue.mo;Tunus
Ayliz;Çobanoğlu;lorem@convallis.tj;http://www.lacinia.cg;Madagaskar
Üzer;Hiçyorulmaz;sit@Nullam.vn;http://www.vel.ye;Somali
Sağlamer;Taşçı;ac@facilisis.pw;http://www.at.sd;Birleşik Arap Emirlikleri
Rüçhan;Tay;Cras@ut.sn;http://www.odio.mobi;Uganda
Nasır;Uncu;a@sollicitudin.org;http://www.quis.tt;Uruguay
Sada;Kutukız;auctor@commodo.aw;http://www.imperdiet.pe;Senegal
Işıkhan;Şireli;nec@venenatis.nr;http://www.faucibus.pg;Dominik Cumhuriyeti
